application_num,decision_date,offloading_port_cleaned_EN,loading_port_cleaned_EN,fuel_amount_clean,fuel_type_clean_EN,lon,lat,Origin,dest_lat,dest_lon,Destination,exporter_proxy,importer_proxy
99,3/23/2019,Hodeida,,29992,Diesel,,,,14.7909118,42.9708838,Hodeida,,25
98,3/23/2019,Hodeida,,30564,Petrol,,,,14.7909118,42.9708838,Hodeida,,7
97,3/24/2019,Nishtun,,4200,Diesel,,,,15.8224426,52.1872488,Nishtun,,5
96,3/21/2019,Mukalla,,2238,Diesel,,,,14.5404328,49.127197,Mukalla,,3
95,3/19/2019,Hodeida,,30834,Diesel,,,,14.7909118,42.9708838,Hodeida,,25
94,3/18/2019,Hodeida,,20896,Diesel,,,,14.7909118,42.9708838,Hodeida,,9
93,3/18/2019,Nishtun,,4000,Diesel,,,,15.8224426,52.1872488,Nishtun,,5
92,3/15/2019,Hodeida,,11631,Diesel,,,,14.7909118,42.9708838,Hodeida,,29
91,3/15/2019,Nishtun,,2900,Diesel,,,,15.8224426,52.1872488,Nishtun,,5
90,3/13/2019,Nishtun,,3100,Diesel,,,,15.8224426,52.1872488,Nishtun,,5
9,11/5/2018,Aden,,15426,Diesel,,,,12.7854969,45.0186548,Aden,,27
89,3/10/2019,Mukalla,,2178,Diesel,,,,14.5404328,49.127197,Mukalla,,3
88,3/8/2019,Hodeida,,13608,Petrol,,,,14.7909118,42.9708838,Hodeida,,13
87,3/7/2019,Hodeida,,15696,Petrol,,,,14.7909118,42.9708838,Hodeida,,7
86,3/7/2019,Mukalla,,7136,Diesel,,,,14.5404328,49.127197,Mukalla,,3
85,3/7/2019,Hodeida,,10824,Diesel,,,,14.7909118,42.9708838,Hodeida,,14
84,3/6/2019,Hodeida,,25162,Diesel,,,,14.7909118,42.9708838,Hodeida,,21
83,3/6/2019,Nishtun,,3100,Diesel,,,,15.8224426,52.1872488,Nishtun,,5
82,3/3/2019,Aden,,60036,Diesel,,,,12.7854969,45.0186548,Aden,,2
81,3/1/2019,Hodeida,,4800,Gas,,,,14.7909118,42.9708838,Hodeida,,20
80,2/25/2019,Mukalla,,3951,Mazout,,,,14.5404328,49.127197,Mukalla,,3
8,11/2/2018,Hodeida,,17510,Diesel,,,,14.7909118,42.9708838,Hodeida,,20
8,11/2/2018,Hodeida,,,,,,,14.7909118,42.9708838,Hodeida,,20
79,2/23/2019,Hodeida,,24132,Petrol,,,,14.7909118,42.9708838,Hodeida,,25
78,2/23/2019,Mukalla,,9970,Petrol,,,,14.5404328,49.127197,Mukalla,,3
77,2/23/2019,Hodeida,,13578,Diesel,,,,14.7909118,42.9708838,Hodeida,,29
77,2/23/2019,Hodeida,,5696,Petrol,,,,14.7909118,42.9708838,Hodeida,,29
76,2/21/2019,Hodeida,,11509,Diesel,,,,14.7909118,42.9708838,Hodeida,,29
75,2/21/2019,Hodeida,,11981,Diesel,,,,14.7909118,42.9708838,Hodeida,,27
74,2/15/2019,Hodeida,,10280,Petrol,,,,14.7909118,42.9708838,Hodeida,,10
74,2/15/2019,Hodeida,,17398,Diesel,,,,14.7909118,42.9708838,Hodeida,,10
73,2/15/2019,Aden,,61001,Petrol,,,,12.7854969,45.0186548,Aden,,2
72,2/11/2019,Aden,,5000,Diesel,,,,12.7854969,45.0186548,Aden,,27
71,2/7/2019,Mukalla,,11873,Diesel,,,,14.5404328,49.127197,Mukalla,,3
70,2/4/2019,Hodeida,,20641,Diesel,,,,14.7909118,42.9708838,Hodeida,,10
7,10/29/2018,Hodeida,,30432,Diesel,,,,14.7909118,42.9708838,Hodeida,,25
7,10/29/2018,Hodeida,,,Petrol,,,,14.7909118,42.9708838,Hodeida,,25
69,2/1/2019,Mukalla,,2300,Diesel,,,,14.5404328,49.127197,Mukalla,,5
68,1/29/2019,Hodeida,,30025,Diesel,,,,14.7909118,42.9708838,Hodeida,,25
67,1/28/2019,Mukalla,,3414,Diesel,,,,14.5404328,49.127197,Mukalla,,3
66,1/27/2019,Nishtun,,2400,Diesel,,,,15.8224426,52.1872488,Nishtun,,5
65,1/29/2019,Hodeida,,22039,Petrol,,,,14.7909118,42.9708838,Hodeida,,25
65,1/29/2019,Hodeida,,7401,Diesel,,,,14.7909118,42.9708838,Hodeida,,25
64,1/26/2019,Hodeida,,12572,Mazout,,,,14.7909118,42.9708838,Hodeida,,7
64,1/26/2019,Hodeida,,3120,Diesel,,,,14.7909118,42.9708838,Hodeida,,7
63,1/26/2019,Aden,,67707,Diesel,,,,12.7854969,45.0186548,Aden,,2
62,1/24/2019,Aden,,4679,Aircraft fuel,,,,12.7854969,45.0186548,Aden,,2
61,1/22/2019,Hodeida,,4725,Gas,,,,14.7909118,42.9708838,Hodeida,,20
60,1/22/2019,Mukalla,,6200,Diesel,,,,14.5404328,49.127197,Mukalla,,5
6,10/26/2018,Nishtun,,23760,Diesel,,,,15.8224426,52.1872488,Nishtun,,3
59,1/22/2019,Mukalla,,2718,Diesel,,,,14.5404328,49.127197,Mukalla,,3
58,1/21/2019,Mukalla,,9859,Petrol,,,,14.5404328,49.127197,Mukalla,,3
57,1/17/2019,Aden,,5078,Diesel,,,,12.7854969,45.0186548,Aden,,1
56,1/17/2019,Aden,,4488,Diesel,,,,12.7854969,45.0186548,Aden,,1
55,1/16/2019,Aden,,36545,Petrol,,,,12.7854969,45.0186548,Aden,,1
55,1/16/2019,Aden,,1297,Aircraft fuel,,,,12.7854969,45.0186548,Aden,,1
54,1/16/2019,Mukalla,,10000,Petrol,,,,14.5404328,49.127197,Mukalla,,16
53,1/16/2019,Hodeida,,23958,Petrol,,,,14.7909118,42.9708838,Hodeida,,25
52,1/15/2019,Mukalla,,4970,Petrol,,,,14.5404328,49.127197,Mukalla,,6
51,1/14/2019,Hodeida,,11000,Diesel,,,,14.7909118,42.9708838,Hodeida,,14
51,1/14/2019,Hodeida,,10000,Petrol,,,,14.7909118,42.9708838,Hodeida,,14
50,1/11/2019,Mukalla,,4536,Diesel,,,,14.5404328,49.127197,Mukalla,,3
49,1/11/2019,Mukalla,,5500,Diesel,,,,14.5404328,49.127197,Mukalla,,5
48,1/11/2019,Nishtun,,3700,Diesel,,,,15.8224426,52.1872488,Nishtun,,18
47,1/10/2019,Hodeida,,17954,Petrol,,,,14.7909118,42.9708838,Hodeida,,10
47,1/10/2019,Hodeida,,9492,Diesel,,,,14.7909118,42.9708838,Hodeida,,10
46,1/10/2019,Hodeida,,10897,Petrol,,,,14.7909118,42.9708838,Hodeida,,7
46,1/10/2019,Hodeida,,8454,Diesel,,,,14.7909118,42.9708838,Hodeida,,7
45,1/10/2019,Hodeida,,27665,Petrol,,,,14.7909118,42.9708838,Hodeida,,13
44,1/9/2019,Mukalla,,9834,Petrol,,,,14.5404328,49.127197,Mukalla,,3
43,1/10/2019,Hodeida,,11461,Diesel,,,,14.7909118,42.9708838,Hodeida,,29
42,1/1/2019,Mukalla,,4330,Diesel,,,,14.5404328,49.127197,Mukalla,,3
41,12/31/2018,Nishtun,,2600,Diesel,,,,15.8224426,52.1872488,Nishtun,,5
40,12/30/2018,Nishtun,,2821,Diesel,,,,15.8224426,52.1872488,Nishtun,,29
4,10/20/2018,Hodeida,,7498,Petrol,,,,14.7909118,42.9708838,Hodeida,,10
39,12/29/2018,Mukalla,,3445,Diesel,,,,14.5404328,49.127197,Mukalla,,3
38,12/27/2018,Mukalla,,4775,Mazout,,,,14.5404328,49.127197,Mukalla,,3
37,12/26/2018,Mukalla,,10998,Diesel,,,,14.5404328,49.127197,Mukalla,,16
36,12/26/2018,Mukalla,,9924,Petrol,,,,14.5404328,49.127197,Mukalla,,3
35,12/26/2018,Mukalla,,6500,Diesel,,,,14.5404328,49.127197,Mukalla,,5
34,12/26/2018,Mukalla,,4700,Diesel,,,,14.5404328,49.127197,Mukalla,,5
332,1/28/2020,Aden,"Khor Fakkan, UAE",34916,Petrol,56.3432629,25.3365669,"Khor Fakkan, UAE",12.7854969,45.0186548,Aden,M,1
331,1/23/2020,Nishtun,"Al Hamriya, UAE",2551,Diesel,55.503616,25.464044,"Al Hamriya, UAE",15.8224426,52.1872488,Nishtun,I,24
33,12/18/2018,Mukalla,,2698,Diesel,,,,14.5404328,49.127197,Mukalla,,3
328,1/28/2020,Mukalla,"Sharjah, UAE",5500,Diesel,55.3776082,25.3609963,"Sharjah, UAE",14.5404328,49.127197,Mukalla,N,19
326,1/14/2020,Mukalla,"Fujairah, UAE",7700,Mazout,56.343384,25.130988,"Fujairah, UAE",14.5404328,49.127197,Mukalla,I,5
325,1/13/2020,Aden,"Al Hamriya, UAE",28944,Diesel,55.503616,25.464044,"Al Hamriya, UAE",12.7854969,45.0186548,Aden,M,22
324,1/3/2020,Mukalla,"Fujairah, UAE",10288,Petrol,56.343384,25.130988,"Fujairah, UAE",14.5404328,49.127197,Mukalla,Y,3
322,1/12/2020,Hodeida,"Al Hamriya, UAE",20200,Petrol,55.503616,25.464044,"Al Hamriya, UAE",14.7909118,42.9708838,Hodeida,G,9
322,1/12/2020,Hodeida,"Al Hamriya, UAE",10475,Diesel,55.503616,25.464044,"Al Hamriya, UAE",14.7909118,42.9708838,Hodeida,G,9
321,1/9/2020,Mukalla,"Sharjah, UAE",6676,Diesel,55.3776082,25.3609963,"Sharjah, UAE",14.5404328,49.127197,Mukalla,Y,3
320,1/9/2020,Mukalla,"Al Hamriya, UAE",4245,Diesel,55.503616,25.464044,"Al Hamriya, UAE",14.5404328,49.127197,Mukalla,Z,26
32,12/31/2018,Nishtun,,4754,Diesel,,,,15.8224426,52.1872488,Nishtun,,29
319,1/8/2020,Hodeida,"Al Hamriya, UAE",17019,Diesel,55.503616,25.464044,"Al Hamriya, UAE",14.7909118,42.9708838,Hodeida,A,17
319,1/8/2020,Hodeida,"Al Hamriya, UAE",12580,Petrol,55.503616,25.464044,"Al Hamriya, UAE",14.7909118,42.9708838,Hodeida,A,17
318,1/8/2020,Hodeida,"Fujairah, UAE",18915,Diesel,56.343384,25.130988,"Fujairah, UAE",14.7909118,42.9708838,Hodeida,Q,27
317,1/8/2020,Hodeida,"Al Hamriya, UAE",17394,Diesel,55.503616,25.464044,"Al Hamriya, UAE",14.7909118,42.9708838,Hodeida,L,29
317,1/8/2020,Hodeida,"Al Hamriya, UAE",12307,Petrol,55.503616,25.464044,"Al Hamriya, UAE",14.7909118,42.9708838,Hodeida,L,29
315,1/3/2020,Hodeida,"Fujairah, UAE",2494,Diesel,56.343384,25.130988,"Fujairah, UAE",14.7909118,42.9708838,Hodeida,B,7
315,1/3/2020,Hodeida,"Fujairah, UAE",13582,Mazout,56.343384,25.130988,"Fujairah, UAE",14.7909118,42.9708838,Hodeida,B,7
314,1/3/2020,Hodeida,"Fujairah, UAE",29981,Petrol,56.343384,25.130988,"Fujairah, UAE",14.7909118,42.9708838,Hodeida,V,25
313,1/2/2020,Aden,"Khor Fakkan, UAE",39950,Diesel,56.3432629,25.3365669,"Khor Fakkan, UAE",12.7854969,45.0186548,Aden,M,1
312,12/27/2019,Mukalla,"Fujairah, UAE",16978,Diesel,56.343384,25.130988,"Fujairah, UAE",14.5404328,49.127197,Mukalla,AC,16
311,12/25/2019,Nishtun,"Al Hamriya, UAE",2500,Diesel,55.503616,25.464044,"Al Hamriya, UAE",15.8224426,52.1872488,Nishtun,Y,24
310,12/25/2019,Nishtun,"Sharjah, UAE",3875,Diesel,55.3776082,25.3609963,"Sharjah, UAE",15.8224426,52.1872488,Nishtun,Y,32
31,12/18/2018,Hodeida,,14747,Diesel,,,,14.7909118,42.9708838,Hodeida,,29
309,12/18/2019,Mukalla,"Jabel Ali, UAE",10000,Petrol,55.0272904,24.9857145,"Jabel Ali, UAE",14.5404328,49.127197,Mukalla,Y,3
307,12/16/2019,Hodeida,"Jabel Ali, UAE",28994,Diesel,55.0272904,24.9857145,"Jabel Ali, UAE",14.7909118,42.9708838,Hodeida,S,21
306,12/18/2019,Aden,"Sharjah, UAE",37822,Diesel,55.3776082,25.3609963,"Sharjah, UAE",12.7854969,45.0186548,Aden,M,1
305,12/14/2019,Aden,"Sharjah, UAE",42279,Mazout,55.3776082,25.3609963,"Sharjah, UAE",12.7854969,45.0186548,Aden,M,1
304,12/14/2019,Aden,"Fujairah, UAE",19994,Diesel,56.343384,25.130988,"Fujairah, UAE",12.7854969,45.0186548,Aden,AC,16
304,12/14/2019,Aden,"Fujairah, UAE",19729,Petrol,56.343384,25.130988,"Fujairah, UAE",12.7854969,45.0186548,Aden,AC,16
302,12/12/2019,Hodeida,"Al Hamriya, UAE",27672,Diesel,55.503616,25.464044,"Al Hamriya, UAE",14.7909118,42.9708838,Hodeida,G,6
30,12/18/2018,Hodeida,,29646,Diesel,,,,14.7909118,42.9708838,Hodeida,,25
3,10/20/2018,Hodeida,,10026,Petrol,,,,14.7909118,42.9708838,Hodeida,,10
3,10/20/2018,Hodeida,,17497,Diesel,,,,14.7909118,42.9708838,Hodeida,,10
299,12/11/2019,Hodeida,"Fujairah, UAE",9993,Diesel,56.343384,25.130988,"Fujairah, UAE",14.7909118,42.9708838,Hodeida,S,21
299,12/11/2019,Hodeida,"Fujairah, UAE",17472,Petrol,56.343384,25.130988,"Fujairah, UAE",14.7909118,42.9708838,Hodeida,S,21
298,12/5/2019,Aden,"Fujairah, UAE",42812,Diesel,56.343384,25.130988,"Fujairah, UAE",12.7854969,45.0186548,Aden,M,1
298,12/10/2019,Mukalla,"Al Hamriya, UAE",11964,Diesel,55.503616,25.464044,"Al Hamriya, UAE",14.5404328,49.127197,Mukalla,Y,3
297,12/5/2019,Hodeida,"Fujairah, UAE",29929,Petrol,56.343384,25.130988,"Fujairah, UAE",14.7909118,42.9708838,Hodeida,V,25
296,11/29/2019,Nishtun,"Sharjah, UAE",3420,Diesel,55.3776082,25.3609963,"Sharjah, UAE",15.8224426,52.1872488,Nishtun,Y,33
295,12/3/2019,Aden,"Al Hamriya, UAE",2472,Diesel,55.503616,25.464044,"Al Hamriya, UAE",12.7854969,45.0186548,Aden,Z,26
294,12/3/2019,Aden,"Sharjah, UAE",2790,Diesel,55.3776082,25.3609963,"Sharjah, UAE",12.7854969,45.0186548,Aden,Z,26
293,11/27/2019,Hodeida,"Al Hamriya, UAE",29694,Diesel,55.503616,25.464044,"Al Hamriya, UAE",14.7909118,42.9708838,Hodeida,V,25
292,11/26/2019,Mukalla,"Sharjah, UAE",7500,Diesel,55.3776082,25.3609963,"Sharjah, UAE",14.5404328,49.127197,Mukalla,I,5
291,11/22/2019,Aden,"Al Hamriya, UAE",37475,Petrol,55.503616,25.464044,"Al Hamriya, UAE",12.7854969,45.0186548,Aden,M,1
290,11/22/2019,Mukalla,"Fujairah, UAE",11618,Diesel,56.343384,25.130988,"Fujairah, UAE",14.5404328,49.127197,Mukalla,Y,3
29,12/16/2018,Nishtun,,5000,Petrol,,,,15.8224426,52.1872488,Nishtun,,4
288,11/18/2019,Mukalla,"Sohar, Oman",7092,Petrol,56.613922,24.486524,"Sohar, Oman",14.5404328,49.127197,Mukalla,Y,3
287,11/18/2019,Nishtun,"Al Hamriya, UAE",3760,Diesel,55.503616,25.464044,"Al Hamriya, UAE",15.8224426,52.1872488,Nishtun,G,6
286,11/18/2019,Hodeida,"Jabel Ali, UAE",21022,Petrol,55.0272904,24.9857145,"Jabel Ali, UAE",14.7909118,42.9708838,Hodeida,B,14
285,11/22/2019,Nishtun,"Sharjah, UAE",2400,Diesel,55.3776082,25.3609963,"Sharjah, UAE",15.8224426,52.1872488,Nishtun,I,24
284,10/16/2019,Hodeida,"Fujairah, UAE",29932,Petrol,56.343384,25.130988,"Fujairah, UAE",14.7909118,42.9708838,Hodeida,V,25
283,11/18/2019,Hodeida,"Fujairah, UAE",13318,Mazout,56.343384,25.130988,"Fujairah, UAE",14.7909118,42.9708838,Hodeida,B,7
283,11/18/2019,Hodeida,"Fujairah, UAE",2491,Diesel,56.343384,25.130988,"Fujairah, UAE",14.7909118,42.9708838,Hodeida,B,7
282,11/13/2019,Mukalla,"Sharjah, UAE",3000,Diesel,55.3776082,25.3609963,"Sharjah, UAE",14.5404328,49.127197,Mukalla,N,18
281,11/13/2019,Mukalla,"Al Hamriya, UAE",4066,Diesel,55.503616,25.464044,"Al Hamriya, UAE",14.5404328,49.127197,Mukalla,N,15
280,11/10/2019,Hodeida,"Fujairah, UAE",29971,Diesel,56.343384,25.130988,"Fujairah, UAE",14.7909118,42.9708838,Hodeida,S,21
28,12/17/2018,Hodeida,,14179,Petrol,,,,14.7909118,42.9708838,Hodeida,,7
279,11/10/2019,Hodeida,"Al Hamriya, UAE",17363,Diesel,55.503616,25.464044,"Al Hamriya, UAE",14.7909118,42.9708838,Hodeida,G,9
278,11/10/2019,Hodeida,"Al Hamriya, UAE",29528,Diesel,55.503616,25.464044,"Al Hamriya, UAE",14.7909118,42.9708838,Hodeida,V,25
277,11/10/2019,Hodeida,"Al Hamriya, UAE",19802,Petrol,55.503616,25.464044,"Al Hamriya, UAE",14.7909118,42.9708838,Hodeida,G,9
276,11/8/2019,Mukalla,"Fujairah, UAE",7190,Mazout,56.343384,25.130988,"Fujairah, UAE",14.5404328,49.127197,Mukalla,Y,3
275,11/8/2019,Hodeida,"Fujairah, UAE",10995,Diesel,56.343384,25.130988,"Fujairah, UAE",14.7909118,42.9708838,Hodeida,Q,27
274,11/6/2019,Nishtun,"Sharjah, UAE",5852,Diesel,55.3776082,25.3609963,"Sharjah, UAE",15.8224426,52.1872488,Nishtun,L,29
273,11/6/2019,Aden,"Fujairah, UAE",8083,Mazout,56.343384,25.130988,"Fujairah, UAE",12.7854969,45.0186548,Aden,H,5
272,11/4/2019,Nishtun,"Fujairah, UAE",2500,Diesel,56.343384,25.130988,"Fujairah, UAE",15.8224426,52.1872488,Nishtun,I,5
271,11/4/2019,Nishtun,"Al Hamriya, UAE",2500,Diesel,55.503616,25.464044,"Al Hamriya, UAE",15.8224426,52.1872488,Nishtun,I,5
27,12/14/2018,Mukalla,,6183,Diesel,,,,14.5404328,49.127197,Mukalla,,15
269,10/31/2019,Aden,"Fujairah, UAE",37883,Diesel,56.343384,25.130988,"Fujairah, UAE",12.7854969,45.0186548,Aden,M,1
268,10/31/2019,Nishtun,"Fujairah, UAE",2400,Diesel,56.343384,25.130988,"Fujairah, UAE",15.8224426,52.1872488,Nishtun,I,5
267,10/31/2019,Mukalla,"Al Hamriya, UAE",16362,Diesel,55.503616,25.464044,"Al Hamriya, UAE",14.5404328,49.127197,Mukalla,Y,3
266,10/28/2019,Nishtun,"Sharjah, UAE",2495,Petrol,55.3776082,25.3609963,"Sharjah, UAE",15.8224426,52.1872488,Nishtun,L,29
265,10/26/2019,Nishtun,"Al Hamriya, UAE",2009,Diesel,55.503616,25.464044,"Al Hamriya, UAE",15.8224426,52.1872488,Nishtun,,24
264,10/26/2019,Nishtun,"Al Hamriya, UAE",1500,Diesel,55.503616,25.464044,"Al Hamriya, UAE",15.8224426,52.1872488,Nishtun,,24
263,10/26/2019,Mukalla,"Fujairah, UAE",9800,Petrol,56.343384,25.130988,"Fujairah, UAE",14.5404328,49.127197,Mukalla,Y,3
262,10/26/2019,Nishtun,"Sharjah, UAE",3360,Diesel,55.3776082,25.3609963,"Sharjah, UAE",15.8224426,52.1872488,Nishtun,Y,3
261,10/23/2019,Mukalla,"Al Hamriya, UAE",5000,Diesel,55.503616,25.464044,"Al Hamriya, UAE",14.5404328,49.127197,Mukalla,Z,26
260,10/23/2019,Mukalla,"Fujairah, UAE",11414,Diesel,56.343384,25.130988,"Fujairah, UAE",14.5404328,49.127197,Mukalla,Y,3
26,12/13/2018,Mukalla,,10037,Petrol,,,,14.5404328,49.127197,Mukalla,,16
259,10/23/2019,Aden,"Jabel Ali, UAE",35716,Diesel,55.0272904,24.9857145,"Jabel Ali, UAE",12.7854969,45.0186548,Aden,M,1
259,10/23/2019,Aden,"Jabel Ali, UAE",4999,Aircraft fuel,55.0272904,24.9857145,"Jabel Ali, UAE",12.7854969,45.0186548,Aden,M,1
258,10/21/2019,Mukalla,"Sohar, Oman",7114,Petrol,56.613922,24.486524,"Sohar, Oman",14.5404328,49.127197,Mukalla,Y,3
257,10/20/2019,Hodeida,"Al Hamriya, UAE",10406,Diesel,55.503616,25.464044,"Al Hamriya, UAE",14.7909118,42.9708838,Hodeida,A,17
257,10/20/2019,Hodeida,"Al Hamriya, UAE",12910,Petrol,55.503616,25.464044,"Al Hamriya, UAE",14.7909118,42.9708838,Hodeida,A,17
256,10/20/2019,Aden,"Al Hamriya, UAE",29152,Petrol,55.503616,25.464044,"Al Hamriya, UAE",12.7854969,45.0186548,Aden,M,1
255,10/18/2019,Aden,"Fujairah, UAE",7893,Diesel,56.343384,25.130988,"Fujairah, UAE",12.7854969,45.0186548,Aden,Q,27
254,10/16/2019,Hodeida,"Fujairah, UAE",26915,Petrol,56.343384,25.130988,"Fujairah, UAE",14.7909118,42.9708838,Hodeida,G,6
253,10/16/2019,Hodeida,"Al Hamriya, UAE",10817,Diesel,55.503616,25.464044,"Al Hamriya, UAE",14.7909118,42.9708838,Hodeida,L,29
252,9/16/2019,Hodeida,"Fujairah, UAE",10937,Diesel,56.343384,25.130988,"Fujairah, UAE",14.7909118,42.9708838,Hodeida,L,29
251,10/16/2019,Hodeida,"Fujairah, UAE",11178,Diesel,56.343384,25.130988,"Fujairah, UAE",14.7909118,42.9708838,Hodeida,Q,27
250,10/16/2019,Hodeida,"Fujairah, UAE",20003,Diesel,56.343384,25.130988,"Fujairah, UAE",14.7909118,42.9708838,Hodeida,V,25
250,10/16/2019,Hodeida,"Fujairah, UAE",9984,Petrol,56.343384,25.130988,"Fujairah, UAE",14.7909118,42.9708838,Hodeida,V,25
25,12/12/2018,Mukalla,,10200,Diesel,,,,14.5404328,49.127197,Mukalla,,23
249,10/16/2019,Hodeida,"Fujairah, UAE",29642,Diesel,56.343384,25.130988,"Fujairah, UAE",14.7909118,42.9708838,Hodeida,V,25
248,10/16/2019,Hodeida,"Fujairah, UAE",9996,Diesel,56.343384,25.130988,"Fujairah, UAE",14.7909118,42.9708838,Hodeida,V,25
248,10/16/2019,Hodeida,"Fujairah, UAE",19501,Petrol,56.343384,25.130988,"Fujairah, UAE",14.7909118,42.9708838,Hodeida,V,25
247,10/16/2019,Hodeida,"Jabel Ali, UAE",27021,Petrol,55.0272904,24.9857145,"Jabel Ali, UAE",14.7909118,42.9708838,Hodeida,S,21
245,10/14/2019,Mukalla,"Al Hamriya, UAE",6451,Diesel,55.503616,25.464044,"Al Hamriya, UAE",14.5404328,49.127197,Mukalla,N,3
244,10/8/2019,Mukalla,"Fujairah, UAE",5000,Petrol,56.343384,25.130988,"Fujairah, UAE",14.5404328,49.127197,Mukalla,I,5
243,10/8/2019,Nishtun,"Al Hamriya, UAE",4145,Diesel,55.503616,25.464044,"Al Hamriya, UAE",15.8224426,52.1872488,Nishtun,Y,24
242,10/7/2019,Mukalla,"Al Hamriya, UAE",11466,Diesel,55.503616,25.464044,"Al Hamriya, UAE",14.5404328,49.127197,Mukalla,Y,3
241,10/15/2019,Hodeida,"Fujairah, UAE",2428,Diesel,56.343384,25.130988,"Fujairah, UAE",14.7909118,42.9708838,Hodeida,B,7
241,10/15/2019,Hodeida,"Fujairah, UAE",13499,Mazout,56.343384,25.130988,"Fujairah, UAE",14.7909118,42.9708838,Hodeida,B,7
240,10/5/2019,Aden,"Fujairah, UAE",6595,Diesel,56.343384,25.130988,"Fujairah, UAE",12.7854969,45.0186548,Aden,M,1
240,10/5/2019,Aden,"Fujairah, UAE",1837,Aircraft fuel,56.343384,25.130988,"Fujairah, UAE",12.7854969,45.0186548,Aden,M,1
24,12/12/2018,Hodeida,,10496,Mazout,,,,14.7909118,42.9708838,Hodeida,,7
24,12/12/2018,Hodeida,,5087,Diesel,,,,14.7909118,42.9708838,Hodeida,,7
239,10/3/2019,Mukalla,"Fujairah, UAE",2500,Diesel,56.343384,25.130988,"Fujairah, UAE",14.5404328,49.127197,Mukalla,I,5
238,10/1/2019,Mukalla,"Jabel Ali, UAE",9998,Petrol,55.0272904,24.9857145,"Jabel Ali, UAE",14.5404328,49.127197,Mukalla,B,3
237,9/25/2019,Mukalla,,3612,Diesel,,,,14.5404328,49.127197,Mukalla,N,15
236,9/25/2019,Nishtun,"Sharjah, UAE",2830,Diesel,55.3776082,25.3609963,"Sharjah, UAE",15.8224426,52.1872488,Nishtun,L,29
235,9/25/2019,Mukalla,"Sharjah, UAE",3514,Diesel,55.3776082,25.3609963,"Sharjah, UAE",14.5404328,49.127197,Mukalla,Y,3
234,9/25/2019,Aden,"Yanbu, Saudi Arabia",38490,Diesel,38.1899782,24.0231757,"Yanbu, Saudi Arabia",12.7854969,45.0186548,Aden,C,2
233,9/24/2019,Aden,"Fujairah, UAE",34341,Diesel,56.343384,25.130988,"Fujairah, UAE",12.7854969,45.0186548,Aden,M,1
232,9/21/2019,Aden,"Fujairah, UAE",59095,Diesel,56.343384,25.130988,"Fujairah, UAE",12.7854969,45.0186548,Aden,C,2
230,9/15/2019,Nishtun,"Fujairah, UAE",4738,Petrol,56.343384,25.130988,"Fujairah, UAE",15.8224426,52.1872488,Nishtun,L,29
23,12/12/2018,Hodeida,,7610,Diesel,,,,14.7909118,42.9708838,Hodeida,,29
229,9/15/2019,Aden,"Fujairah, UAE",11377,Diesel,56.343384,25.130988,"Fujairah, UAE",12.7854969,45.0186548,Aden,Y,3
227,9/10/2019,Nishtun,"Fujairah, UAE",2400,Diesel,56.343384,25.130988,"Fujairah, UAE",15.8224426,52.1872488,Nishtun,I,5
226,9/9/2019,Mukalla,"Fujairah, UAE",8192,Mazout,56.343384,25.130988,"Fujairah, UAE",14.5404328,49.127197,Mukalla,Y,3
225,9/9/2019,Nishtun,"Sharjah, UAE",2000,Diesel,55.3776082,25.3609963,"Sharjah, UAE",15.8224426,52.1872488,Nishtun,M,24
224,9/8/2019,Aden,"Fujairah, UAE",17991,Diesel,56.343384,25.130988,"Fujairah, UAE",12.7854969,45.0186548,Aden,M,1
223,9/5/2019,Mukalla,"Fujairah, UAE",2500,Diesel,56.343384,25.130988,"Fujairah, UAE",14.5404328,49.127197,Mukalla,I,5
223,9/5/2019,Mukalla,"Fujairah, UAE",2500,Petrol,56.343384,25.130988,"Fujairah, UAE",14.5404328,49.127197,Mukalla,I,5
222,9/5/2019,Mukalla,"Fujairah, UAE",10000,Petrol,56.343384,25.130988,"Fujairah, UAE",14.5404328,49.127197,Mukalla,Y,3
221,8/22/2019,Mukalla,"Fujairah, UAE",9858,Petrol,56.343384,25.130988,"Fujairah, UAE",14.5404328,49.127197,Mukalla,Y,3
22,12/9/2018,Hodeida,,18010,Petrol,,,,14.7909118,42.9708838,Hodeida,,10
22,12/9/2018,Hodeida,,9444,Diesel,,,,14.7909118,42.9708838,Hodeida,,10
219,8/18/2019,Mukalla,"Sharjah, UAE",3871,Diesel,55.3776082,25.3609963,"Sharjah, UAE",14.5404328,49.127197,Mukalla,Y,3
218,8/13/2019,Mukalla,"Fujairah, UAE",8189,Mazout,56.343384,25.130988,"Fujairah, UAE",14.5404328,49.127197,Mukalla,Y,3
217,8/8/2019,Hodeida,"Fujairah, UAE",29403,Petrol,56.343384,25.130988,"Fujairah, UAE",14.7909118,42.9708838,Hodeida,V,25
216,8/8/2019,Aden,"Fujairah, UAE",59988,Diesel,56.343384,25.130988,"Fujairah, UAE",12.7854969,45.0186548,Aden,M,2
215,8/8/2019,Nishtun,"Sharjah, UAE",2000,Diesel,55.3776082,25.3609963,"Sharjah, UAE",15.8224426,52.1872488,Nishtun,,24
214,8/7/2019,Mukalla,"Fujairah, UAE",9864,Petrol,56.343384,25.130988,"Fujairah, UAE",14.5404328,49.127197,Mukalla,Y,3
213,8/7/2019,Mukalla,"Fujairah, UAE",11775,Diesel,56.343384,25.130988,"Fujairah, UAE",14.5404328,49.127197,Mukalla,Y,3
212,8/6/2019,Hodeida,"Fujairah, UAE",19800,Petrol,56.343384,25.130988,"Fujairah, UAE",14.7909118,42.9708838,Hodeida,S,21
212,8/6/2019,Hodeida,"Fujairah, UAE",9098,Diesel,56.343384,25.130988,"Fujairah, UAE",14.7909118,42.9708838,Hodeida,S,21
211,8/4/2019,Hodeida,"Fujairah, UAE",28988,Diesel,56.343384,25.130988,"Fujairah, UAE",14.7909118,42.9708838,Hodeida,Q,27
210,8/8/2019,Hodeida,"Fujairah, UAE",29986,Petrol,56.343384,25.130988,"Fujairah, UAE",14.7909118,42.9708838,Hodeida,AB,9
21,12/8/2018,Nishtun,,1550,Petrol,,,,15.8224426,52.1872488,Nishtun,,29
21,12/8/2018,Nishtun,,841,Diesel,,,,15.8224426,52.1872488,Nishtun,,29
209,8/8/2019,Mukalla,"Al Hamriya, UAE",6055,Diesel,55.503616,25.464044,"Al Hamriya, UAE",14.5404328,49.127197,Mukalla,K,15
208,8/3/2019,Hodeida,"Fujairah, UAE",29871,Petrol,56.343384,25.130988,"Fujairah, UAE",14.7909118,42.9708838,Hodeida,V,25
207,7/31/2019,Hodeida,"Sohar, Oman",20063,Diesel,56.613922,24.486524,"Sohar, Oman",14.7909118,42.9708838,Hodeida,L,29
207,7/31/2019,Hodeida,"Sohar, Oman",10040,Petrol,56.613922,24.486524,"Sohar, Oman",14.7909118,42.9708838,Hodeida,L,29
206,7/31/2019,Nishtun,"Sharjah, UAE",2500,Diesel,55.3776082,25.3609963,"Sharjah, UAE",15.8224426,52.1872488,Nishtun,M,24
205,7/26/2019,Hodeida,,8278,Gas,32.675759,29.723123,"Suez Canal OPL, Egypt",14.7909118,42.9708838,Hodeida,O,20
204,7/28/2019,Hodeida,"Fujairah, UAE",29259,Diesel,56.343384,25.130988,"Fujairah, UAE",14.7909118,42.9708838,Hodeida,V,25
203,7/24/2019,Hodeida,"Fujairah, UAE",30031,Diesel,56.343384,25.130988,"Fujairah, UAE",14.7909118,42.9708838,Hodeida,V,25
202,7/25/2019,Hodeida,"Fujairah, UAE",4822,Diesel,56.343384,25.130988,"Fujairah, UAE",14.7909118,42.9708838,Hodeida,B,7
202,7/25/2019,Hodeida,"Fujairah, UAE",11165,Mazout,56.343384,25.130988,"Fujairah, UAE",14.7909118,42.9708838,Hodeida,B,7
200,7/23/2019,Aden,"Jabel Ali, UAE",60064,Petrol,55.0272904,24.9857145,"Jabel Ali, UAE",12.7854969,45.0186548,Aden,M,2
20,12/8/2018,Aden,,61449,Petrol,,,,12.7854969,45.0186548,Aden,,1
2,10/20/2018,Mukalla,,8760,Petrol,,,,14.5404328,49.127197,Mukalla,,3
199,7/23/2019,Aden,"Al Hamriya, UAE",42087,Diesel,55.503616,25.464044,"Al Hamriya, UAE",12.7854969,45.0186548,Aden,M,2
198,7/22/2019,Mukalla,"Sharjah, UAE",8992,Diesel,55.3776082,25.3609963,"Sharjah, UAE",14.5404328,49.127197,Mukalla,Y,3
197,7/22/2019,Mukalla,"Fujairah, UAE",12984,Petrol,56.343384,25.130988,"Fujairah, UAE",14.5404328,49.127197,Mukalla,AC,16
196,7/21/2019,Aden,"Khor Fakkan, UAE",43434,Mazout,56.3432629,25.3365669,"Khor Fakkan, UAE",12.7854969,45.0186548,Aden,M,2
195,7/22/2019,Hodeida,,9988,Diesel,,,,14.7909118,42.9708838,Hodeida,S,21
195,7/22/2019,Hodeida,,17176,Petrol,,,,14.7909118,42.9708838,Hodeida,S,21
193,7/19/2019,Hodeida,"Fujairah, UAE",7236,Mazout,56.343384,25.130988,"Fujairah, UAE",14.7909118,42.9708838,Hodeida,B,7
192,7/19/2019,Mukalla,"Fujairah, UAE",4000,Diesel,56.343384,25.130988,"Fujairah, UAE",14.5404328,49.127197,Mukalla,I,5
191,7/17/2019,Hodeida,"Al Hamriya, UAE",15605,Diesel,55.503616,25.464044,"Al Hamriya, UAE",14.7909118,42.9708838,Hodeida,E,20
190,7/17/2019,Hodeida,"Jabel Ali, UAE",15010,Petrol,55.0272904,24.9857145,"Jabel Ali, UAE",14.7909118,42.9708838,Hodeida,B,21
19,12/6/2018,Nishtun,,3100,Diesel,,,,15.8224426,52.1872488,Nishtun,,5
189,7/15/2019,Mukalla,"Sharjah, UAE",3821,Mazout,55.3776082,25.3609963,"Sharjah, UAE",14.5404328,49.127197,Mukalla,Y,3
188,7/12/2019,Hodeida,"Fujairah, UAE",31116,Petrol,56.343384,25.130988,"Fujairah, UAE",14.7909118,42.9708838,Hodeida,T,30
187,7/10/2019,Hodeida,"Sohar, Oman",11519,Diesel,56.613922,24.486524,"Sohar, Oman",14.7909118,42.9708838,Hodeida,L,29
186,7/10/2019,Hodeida,"Sohar, Oman",9748,Petrol,56.613922,24.486524,"Sohar, Oman",14.7909118,42.9708838,Hodeida,L,29
185,7/7/2019,Mukalla,"Sharjah, UAE",2350,Diesel,55.3776082,25.3609963,"Sharjah, UAE",14.5404328,49.127197,Mukalla,R,5
184,7/7/2019,Nishtun,"Sharjah, UAE",2000,Diesel,55.3776082,25.3609963,"Sharjah, UAE",15.8224426,52.1872488,Nishtun,R,5
183,7/7/2019,Nishtun,"Sharjah, UAE",2600,Diesel,55.3776082,25.3609963,"Sharjah, UAE",15.8224426,52.1872488,Nishtun,R,5
182,7/7/2019,Aden,"Taman, Russia",45984,Diesel,36.7102871,45.2120206,"Taman, Russia",12.7854969,45.0186548,Aden,M,2
181,7/7/2019,Hodeida,"Fujairah, UAE",24514,Petrol,56.343384,25.130988,"Fujairah, UAE",14.7909118,42.9708838,Hodeida,V,25
181,7/7/2019,Hodeida,"Fujairah, UAE",5021,Diesel,56.343384,25.130988,"Fujairah, UAE",14.7909118,42.9708838,Hodeida,V,25
180,7/7/2019,Mukalla,"Fujairah, UAE",9992,Diesel,56.343384,25.130988,"Fujairah, UAE",14.5404328,49.127197,Mukalla,AC,16
18,12/5/2018,Mukalla,,3396,Diesel,,,,14.5404328,49.127197,Mukalla,,3
179,7/7/2019,Hodeida,"Sarroch, Italy",3853,Gas,9.0108377,39.0654974,"Sarroch, Italy",14.7909118,42.9708838,Hodeida,J,8
178,7/7/2019,Mukalla,"Fujairah, UAE",9912,Petrol,56.343384,25.130988,"Fujairah, UAE",14.5404328,49.127197,Mukalla,AC,16
177,6/27/2019,Mukalla,"Sharjah, UAE",9000,Diesel,55.3776082,25.3609963,"Sharjah, UAE",14.5404328,49.127197,Mukalla,Y,3
176,7/10/2019,Hodeida,"Al Hamriya, UAE",27000,Diesel,55.503616,25.464044,"Al Hamriya, UAE",14.7909118,42.9708838,Hodeida,U,9
175,6/27/2019,Aden,"Fujairah, UAE",20855,Diesel,56.343384,25.130988,"Fujairah, UAE",12.7854969,45.0186548,Aden,M,2
175,6/27/2019,Aden,"Fujairah, UAE",2994,Aircraft fuel,56.343384,25.130988,"Fujairah, UAE",12.7854969,45.0186548,Aden,M,2
174,6/27/2019,Hodeida,"Fujairah, UAE",29291,Diesel,56.343384,25.130988,"Fujairah, UAE",14.7909118,42.9708838,Hodeida,S,21
173,6/22/2019,Aden,"Al Hamriya, UAE",43132,Diesel,55.503616,25.464044,"Al Hamriya, UAE",12.7854969,45.0186548,Aden,W,2
172,6/20/2019,Mukalla,"Jabel Ali, UAE",9800,Petrol,55.0272904,24.9857145,"Jabel Ali, UAE",14.5404328,49.127197,Mukalla,B,3
171,6/20/2019,Nishtun,"Sharjah, UAE",2762,Diesel,55.3776082,25.3609963,"Sharjah, UAE",15.8224426,52.1872488,Nishtun,L,29
170,6/20/2019,Mukalla,"Sharjah, UAE",2150,Diesel,55.3776082,25.3609963,"Sharjah, UAE",14.5404328,49.127197,Mukalla,R,5
17,12/4/2018,Nishtun,,3538,Petrol,,,,15.8224426,52.1872488,Nishtun,,29
169,6/20/2019,Hodeida,"Midia, Romania",4800,Gas,28.638192,44.3305896,"Midia, Romania",14.7909118,42.9708838,Hodeida,P,20
167,6/20/2019,Hodeida,"Al Hamriya, UAE",4485,Diesel,55.503616,25.464044,"Al Hamriya, UAE",14.7909118,42.9708838,Hodeida,AA,28
166,6/18/2019,Hodeida,"Sohar, Oman",23970,Petrol,56.613922,24.486524,"Sohar, Oman",14.7909118,42.9708838,Hodeida,V,25
165,6/14/2019,Hodeida,"Al Hamriya, UAE",10948,Diesel,55.503616,25.464044,"Al Hamriya, UAE",14.7909118,42.9708838,Hodeida,B,14
165,6/14/2019,Hodeida,"Al Hamriya, UAE",10015,Petrol,55.503616,25.464044,"Al Hamriya, UAE",14.7909118,42.9708838,Hodeida,B,14
164,6/16/2019,Mukalla,"Sohar, Oman",2132,Diesel,56.613922,24.486524,"Sohar, Oman",14.5404328,49.127197,Mukalla,Y,3
163,6/9/2019,Hodeida,"Al Hamriya, UAE",9161,Diesel,55.503616,25.464044,"Al Hamriya, UAE",14.7909118,42.9708838,Hodeida,B,7
162,6/9/2019,Hodeida,"Fujairah, UAE",7184,Mazout,56.343384,25.130988,"Fujairah, UAE",14.7909118,42.9708838,Hodeida,B,7
161,6/4/2019,Nishtun,"Sharjah, UAE",2523,Diesel,55.3776082,25.3609963,"Sharjah, UAE",15.8224426,52.1872488,Nishtun,R,5
160,6/4/2019,Hodeida,"Sohar, Oman",7468,Petrol,56.613922,24.486524,"Sohar, Oman",14.7909118,42.9708838,Hodeida,V,25
160,6/4/2019,Hodeida,"Sohar, Oman",21487,Diesel,56.613922,24.486524,"Sohar, Oman",14.7909118,42.9708838,Hodeida,V,25
16,12/3/2018,Hodeida,,13587,Diesel,,,,14.7909118,42.9708838,Hodeida,,29
16,12/3/2018,Hodeida,,5095,Petrol,,,,14.7909118,42.9708838,Hodeida,,29
158,6/3/2019,Aden,"Fujairah, UAE",15867,Diesel,56.343384,25.130988,"Fujairah, UAE",12.7854969,45.0186548,Aden,Q,27
157,6/3/2019,Hodeida,"Al Hamriya, UAE",30486,Diesel,55.503616,25.464044,"Al Hamriya, UAE",14.7909118,42.9708838,Hodeida,B,14
156,6/3/2019,Hodeida,,5657,Gas,,,,14.7909118,42.9708838,Hodeida,P,20
155,5/30/2019,Hodeida,"Fujairah, UAE",27016,Petrol,56.343384,25.130988,"Fujairah, UAE",14.7909118,42.9708838,Hodeida,AC,9
154,5/28/2019,Mukalla,"Sohar, Oman",11726,Diesel,56.613922,24.486524,"Sohar, Oman",14.5404328,49.127197,Mukalla,Y,3
153,5/28/2019,Aden,"Fujairah, UAE",39510,Mazout,56.343384,25.130988,"Fujairah, UAE",12.7854969,45.0186548,Aden,M,2
152,5/27/2019,Hodeida,"Fujairah, UAE",9968,Diesel,56.343384,25.130988,"Fujairah, UAE",14.7909118,42.9708838,Hodeida,S,21
152,5/27/2019,Hodeida,"Fujairah, UAE",10855,Petrol,56.343384,25.130988,"Fujairah, UAE",14.7909118,42.9708838,Hodeida,S,21
151,5/26/2019,Hodeida,"Sharjah, UAE",29370,Diesel,55.3776082,25.3609963,"Sharjah, UAE",14.7909118,42.9708838,Hodeida,V,25
150,5/24/2019,Hodeida,"Al Hamriya, UAE",27580,Petrol,55.503616,25.464044,"Al Hamriya, UAE",14.7909118,42.9708838,Hodeida,G,11
15,11/30/2018,Mukalla,,9967,Diesel,,,,14.5404328,49.127197,Mukalla,,3
149,5/23/2019,Hodeida,"Fujairah, UAE",7001,Mazout,56.343384,25.130988,"Fujairah, UAE",14.7909118,42.9708838,Hodeida,B,7
148,5/23/2019,Mukalla,"Fujairah, UAE",9715,Petrol,56.343384,25.130988,"Fujairah, UAE",14.5404328,49.127197,Mukalla,X,3
147,5/21/2019,Aden,"Al Hamriya, UAE",42991,Diesel,55.503616,25.464044,"Al Hamriya, UAE",12.7854969,45.0186548,Aden,M,2
146,5/21/2019,Nishtun,"Sohar, Oman",4761,Petrol,56.613922,24.486524,"Sohar, Oman",15.8224426,52.1872488,Nishtun,L,29
145,5/19/2019,Nishtun,"Sharjah, UAE",2150,Diesel,55.3776082,25.3609963,"Sharjah, UAE",15.8224426,52.1872488,Nishtun,R,5
144,5/18/2019,Nishtun,"Sharjah, UAE",2300,Diesel,55.3776082,25.3609963,"Sharjah, UAE",15.8224426,52.1872488,Nishtun,R,5
143,5/18/2019,Aden,"Sohar, Oman",57493,Petrol,56.613922,24.486524,"Sohar, Oman",12.7854969,45.0186548,Aden,M,2
142,5/17/2019,Aden,,42369,Diesel,,,,12.7854969,45.0186548,Aden,M,2
141,5/15/2019,Nishtun,"Sharjah, UAE",3951,Diesel,55.3776082,25.3609963,"Sharjah, UAE",15.8224426,52.1872488,Nishtun,L,29
140,5/15/2019,Mukalla,"Sharjah, UAE",3272,Diesel,55.3776082,25.3609963,"Sharjah, UAE",14.5404328,49.127197,Mukalla,D,33
14,11/25/2018,Hodeida,,24101,Petrol,,,,14.7909118,42.9708838,Hodeida,,25
139,5/15/2019,Mukalla,"Sharjah, UAE",4150,Mazout,55.3776082,25.3609963,"Sharjah, UAE",14.5404328,49.127197,Mukalla,D,33
138,5/15/2019,Hodeida,"Sohar, Oman",15028,Petrol,56.613922,24.486524,"Sohar, Oman",14.7909118,42.9708838,Hodeida,V,25
137,5/9/2019,Mukalla,"Fujairah, UAE",9207,Diesel,56.343384,25.130988,"Fujairah, UAE",14.5404328,49.127197,Mukalla,Q,27
135,5/6/2019,Nishtun,"Sharjah, UAE",2000,Diesel,55.3776082,25.3609963,"Sharjah, UAE",15.8224426,52.1872488,Nishtun,R,5
134,5/6/2019,Nishtun,"Sohar, Oman",2500,Diesel,56.613922,24.486524,"Sohar, Oman",15.8224426,52.1872488,Nishtun,R,5
133,5/10/2019,Hodeida,"Fujairah, UAE",11505,Diesel,56.343384,25.130988,"Fujairah, UAE",14.7909118,42.9708838,Hodeida,B,7
132,5/2/2019,Aden,"Novorossiysk, Russia",33993,Diesel,37.7619669,44.7154014,"Novorossiysk, Russia",12.7854969,45.0186548,Aden,M,2
131,4/24/2019,Hodeida,"Fujairah, UAE",11394,Diesel,56.343384,25.130988,"Fujairah, UAE",14.7909118,42.9708838,Hodeida,S,21
130,5/1/2019,Hodeida,"Fujairah, UAE",20474,Petrol,56.343384,25.130988,"Fujairah, UAE",14.7909118,42.9708838,Hodeida,AC,9
13,11/21/2018,Mukalla,,6400,Diesel,,,,14.5404328,49.127197,Mukalla,,5
128,4/30/2019,Nishtun,"Sohar, Oman",2600,Petrol,56.613922,24.486524,"Sohar, Oman",15.8224426,52.1872488,Nishtun,R,5
127,4/29/2019,Hodeida,"Fujairah, UAE",7172,Mazout,56.343384,25.130988,"Fujairah, UAE",14.7909118,42.9708838,Hodeida,B,7
124,4/24/2019,Hodeida,"Fujairah, UAE",11394,Diesel,56.343384,25.130988,"Fujairah, UAE",14.7909118,42.9708838,Hodeida,S,21
123,4/24/2019,Hodeida,"Fujairah, UAE",17999,Diesel,56.343384,25.130988,"Fujairah, UAE",14.7909118,42.9708838,Hodeida,S,21
123,4/24/2019,Hodeida,"Fujairah, UAE",10000,Petrol,56.343384,25.130988,"Fujairah, UAE",14.7909118,42.9708838,Hodeida,S,21
122,4/22/2019,Mukalla,"Sohar, Oman",11380,Petrol,56.613922,24.486524,"Sohar, Oman",14.5404328,49.127197,Mukalla,Y,3
121,4/22/2019,Hodeida,"Sohar, Oman",3871,Petrol,56.613922,24.486524,"Sohar, Oman",14.7909118,42.9708838,Hodeida,V,25
12,11/16/2018,Aden,,89977,Diesel,,,,12.7854969,45.0186548,Aden,,1
12,11/16/2018,Aden,,1004,Aircraft fuel,,,,12.7854969,45.0186548,Aden,,1
119,4/18/2019,Aden,"Fujairah, UAE",60675,Diesel,56.343384,25.130988,"Fujairah, UAE",12.7854969,45.0186548,Aden,M,2
119,4/18/2019,Aden,"Fujairah, UAE",2266,Aircraft fuel,56.343384,25.130988,"Fujairah, UAE",12.7854969,45.0186548,Aden,M,2
117,4/18/2019,Hodeida,"Fujairah, UAE",14998,Diesel,56.343384,25.130988,"Fujairah, UAE",14.7909118,42.9708838,Hodeida,Q,27
116,4/17/2019,Nishtun,,2500,Diesel,,,,15.8224426,52.1872488,Nishtun,,5
115,4/17/2019,Aden,,37014,Mazout,,,,12.7854969,45.0186548,Aden,,2
114,6/4/2019,Hodeida,"Sharjah, UAE",29971,Diesel,55.3776082,25.3609963,"Sharjah, UAE",14.7909118,42.9708838,Hodeida,L,29
113,4/15/2019,Aden,,60435,Petrol,,,,12.7854969,45.0186548,Aden,,2
112,4/11/2019,Nishtun,,4741,Petrol,,,,15.8224426,52.1872488,Nishtun,,29
111,4/11/2019,Mukalla,,4480,Diesel,,,,14.5404328,49.127197,Mukalla,,3
110,4/11/2019,Mukalla,,10675,Petrol,,,,14.5404328,49.127197,Mukalla,,3
11,11/16/2018,Nishtun,,2945,Diesel,,,,15.8224426,52.1872488,Nishtun,,29
109,4/9/2019,Hodeida,,15000,Mazout,,,,14.7909118,42.9708838,Hodeida,,7
108,4/16/2019,Hodeida,"Sharjah, UAE",9555,Petrol,55.3776082,25.3609963,"Sharjah, UAE",14.7909118,42.9708838,Hodeida,L,29
107,4/9/2019,Nishtun,,3700,Diesel,,,,15.8224426,52.1872488,Nishtun,,5
106,4/9/2019,Mukalla,,3990,Diesel,,,,14.5404328,49.127197,Mukalla,,16
106,4/9/2019,Mukalla,,9985,Petrol,,,,14.5404328,49.127197,Mukalla,,16
105,4/4/2019,Hodeida,,3805,Diesel,,,,14.7909118,42.9708838,Hodeida,,28
104,4/3/2019,Nishtun,,3000,Diesel,,,,15.8224426,52.1872488,Nishtun,,29
103,4/2/2019,Mukalla,,3340,Diesel,,,,14.5404328,49.127197,Mukalla,,3
102,4/1/2019,Nishtun,,4000,Diesel,,,,15.8224426,52.1872488,Nishtun,,5
101,3/29/2019,Aden,,43942,Diesel,,,,12.7854969,45.0186548,Aden,,2
100,3/28/2019,Mukalla,,2770,Diesel,,,,14.5404328,49.127197,Mukalla,,3
100,3/28/2019,Mukalla,,7186,Petrol,,,,14.5404328,49.127197,Mukalla,,3
10,11/8/2018,Nishtun,,23760,Diesel,,,,15.8224426,52.1872488,Nishtun,,3
1,10/20/2018,Mukalla,,5000,Petrol,,,,14.5404328,49.127197,Mukalla,,3
359,2/29/2020,Hodeida,"Fujairah, UAE",25992,Petrol,56.343384,25.130988,"Fujairah, UAE",14.7909118,42.9708838,Hodeida,Q,27
358,2/28/2020,Aden,"Al Hamriya, UAE",34995,Diesel,55.503616,25.464044,"Al Hamriya, UAE",12.7854969,45.0186548,Aden,M,1
357,2/26/2020,Aden,"Fujairah, UAE",36370,Diesel,56.343384,25.130988,"Fujairah, UAE",12.7854969,45.0186548,Aden,F,12
357,2/26/2020,Aden,"Fujairah, UAE",21982,Petrol,56.343384,25.130988,"Fujairah, UAE",12.7854969,45.0186548,Aden,F,12
354,2/19/2020,Aden,"Novorossiysk, Russia",43825,Diesel,37.7619669,44.7154014,"Novorossiysk, Russia",12.7854969,45.0186548,Aden,AC,16
353,2/19/2020,Mukalla,"Jabel Ali, UAE",10300,Petrol,55.0272904,24.9857145,"Jabel Ali, UAE",14.5404328,49.127197,Mukalla,Y,3
352,2/19/2020,Aden,"Jabel Ali, UAE",30398,Petrol,55.0272904,24.9857145,"Jabel Ali, UAE",12.7854969,45.0186548,Aden,M,1
351,2/17/2020,Nishtun,"Al Hamriya, UAE",11171,Diesel,55.503616,25.464044,"Al Hamriya, UAE",15.8224426,52.1872488,Nishtun,I,5
350,2/15/2020,Hodeida,"Jabel Ali, UAE",13987,Petrol,55.0272904,24.9857145,"Jabel Ali, UAE",14.7909118,42.9708838,Hodeida,Q,27
349,2/15/2020,Hodeida,"Fujairah, UAE",29135,Petrol,56.343384,25.130988,"Fujairah, UAE",14.7909118,42.9708838,Hodeida,V,25
348,2/15/2020,Hodeida,"Fujairah, UAE",29585,Petrol,56.343384,25.130988,"Fujairah, UAE",14.7909118,42.9708838,Hodeida,V,25
347,2/14/2020,Nishtun,"Sharjah, UAE",2631,Diesel,55.3776082,25.3609963,"Sharjah, UAE",15.8224426,52.1872488,Nishtun,I,24
346,2/12/2020,Mukalla,"Fujairah, UAE",9506,Mazout,56.343384,25.130988,"Fujairah, UAE",14.5404328,49.127197,Mukalla,H,5
345,2/12/2020,Mukalla,"Fujairah, UAE",11607,Diesel,56.343384,25.130988,"Fujairah, UAE",14.5404328,49.127197,Mukalla,Y,3
340,2/7/2020,Aden,"Al Hamriya, UAE",2505,Diesel,55.503616,25.464044,"Al Hamriya, UAE",12.7854969,45.0186548,Aden,Z,31
339,2/7/2020,Aden,"Al Hamriya, UAE",2787,Diesel,55.503616,25.464044,"Al Hamriya, UAE",12.7854969,45.0186548,Aden,Z,31
335,1/31/2020,Aden,"Al Hamriya, UAE",5018,Diesel,55.503616,25.464044,"Al Hamriya, UAE",12.7854969,45.0186548,Aden,Z,31
334,1/29/2020,Mukalla,"Al Hamriya, UAE",9982,Petrol,55.503616,25.464044,"Al Hamriya, UAE",14.5404328,49.127197,Mukalla,Y,3
333,1/29/2020,Mukalla,"Al Hamriya, UAE",9373,Mazout,55.503616,25.464044,"Al Hamriya, UAE",14.5404328,49.127197,Mukalla,Y,3
